interview_number,interviewee,interviewer,interview_date,interview_date_iso,copyright_year,filename,note
002,Robert Vazquez-Pacheco,Sarah Schulman,"December 14, 2002",2002-12-14,2003,002 - Robert Vazquez-Pacheco.pdf,
003,Moises Agosto,Sarah Schulman,"December 14, 2002",2002-12-14,2003,003 - Moises Agosto.pdf,
004,Gregg Bordowitz,Sarah Schulman,"December 17, 2002",2002-12-17,2003,004 - Gregg Bordowitz.pdf,
005,Jean Carlomusto,Sarah Schulman,"December 19, 2002",2002-12-19,2003,005 - Jean Carlomusto.pdf,
011,Ann Philbin,Sarah Schulman,"January 21, 2003",2003-01-21,2003,011 - Ann Philbin.pdf,
012,Mark Harrington,Sarah Schulman,"March 8, 2003",2003-03-08,2003,012 - Mark Harrington.pdf,
021,Russell Pritchard,Sarah Schulman,"April 23, 2003",2003-04-23,2004,021 - Russell Pritchard.pdf,
022,Rick Loftus,Sarah Schulman,"April 26, 2003",2003-04-26,2004,022 - Rick Loftus.pdf,
023,Emily Nahmanson,Sarah Schulman,"April 27, 2003",2003-04-27,2004,023 - Emily Nahmanson.pdf,
024,Kendall Thomas,Sarah Schulman,"May 3, 2003",2003-05-03,2004,024 - Kendall Thomas.pdf,
025,Lei Chou,Sarah Schulman,"May 5, 2003",2003-05-05,2004,025 - Lei Chou.pdf,
026,Iris Long,Sarah Schulman,"May 16, 2003",2003-05-16,2004,026 - Iris Long.pdf,
027,Ann Northrop,Sarah Schulman,"May 28, 2003",2003-05-28,2004,027 - Ann Northrop.pdf,
028,Richard Deagle,Sarah Schulman,"September 13, 2003",2003-09-13,2004,028 - Richard Deagle.pdf,
029,Michelangelo Signorile,Sarah Schulman,"September 20, 2003",2003-09-20,2004,029 - Michelangelo Signorile.pdf,
030,Mary Dorman,Sarah Schulman,"October 17, 2003",2003-10-17,2004,030 - Mary Dorman.pdf,
031,David Z. Kirschenbaum,Sarah Schulman,"October 19, 2003",2003-10-19,2004,031 - David Z. Kirschenbaum.pdf,
032,Ron Goldberg,Sarah Schulman,"October 25, 2003",2003-10-25,2004,032 - Ron Goldberg.pdf,
033,Frank Jump,Sarah Schulman,"November 1, 2003",2003-11-01,2004,033 - Frank Jump.pdf,
034,Roma Baran,Sarah Schulman,"November 5, 2003",2003-11-05,2004,034 - Roma Baran.pdf,
035,Larry Kramer,Sarah Schulman,"November 15, 2003",2003-11-15,2004,035 - Larry Kramer.pdf,
036,Joy Episalla,Sarah Schulman,"December 6, 2003",2003-12-06,2004,036 - Joy Episalla.pdf,
037,Jamie Leo,Sarah Schulman,"December 21, 2003",2003-12-21,2004,037 - Jamie Leo.pdf,
038,Ron Medley,Sarah Schulman,"December 28, 2003",2003-12-28,2004,038 - Ron Medley.pdf,
039,Karen Moulding,Sarah Schulman,"January 16, 2004",2004-01-16,2004,039 - Karen Moulding.pdf,
040,Steve Quester,Sarah Schulman,"January 17, 2004",2004-01-17,2004,040 - Steve Quester.pdf,
041,Gregg Gonsalves,Sarah Schulman,"January 19, 2004",2004-01-19,2004,041 - Gregg Gonsalves.pdf,
042,Tom Kalin,Sarah Schulman,"February 4, 2004",2004-02-04,2004,042 - Tom Kalin.pdf,
043,Maxine Wolfe,Jim Hubbard,"February 19, 2004",2004-02-19,2004,043 - Maxine Wolfe.pdf,
044,Marlene McCarty,Sarah Schulman,"February 21, 2004",2004-02-21,2004,044 - Marlene McCarty.pdf,
045,Andrew Vélez,Sarah Schulman,"February 26, 2004",2004-02-26,2004,045 - Andrew Velez.pdf,
046,James Wagner,Sarah Schulman,"February 28, 2004",2004-02-28,2004,046 - James Wagner.pdf,
047,Jim Eigo,Sarah Schulman,"March 5, 2004",2004-03-05,2004,047 - Jim Eigo.pdf,
048,Amy Bauer,Sarah Schulman,"March 7, 2004",2004-03-07,2004,048 - Amy Bauer.pdf,
049,Eric Sawyer,Sarah Schulman,"March 10, 2004",2004-03-10,2004,049 - Eric Sawyer.pdf,
050,Peter Cramer,Sarah Schulman,"October 26, 2002",2002-10-26,2004,050 - Peter Cramer.pdf,
051,Elias Guerrero,Sarah Schulman,"March 17, 2004",2004-03-17,2004,051 - Elias Guerrero.pdf,
052,Kate Barnhart,Sarah Schulman,"March 21, 2004",2004-03-21,2004,052 - Kate Barnhart.pdf,
053,Dan Keith Williams,Jim Hubbard,"March 26, 2004",2004-03-26,2004,053 - Dan Keith Williams.pdf,
054,Jay Blotcher,Sarah Schulman,"April 24, 2004",2004-04-24,2004,054 - Jay Blotcher.pdf,
055,Neil Broome,Sarah Schulman,"April 25, 2004",2004-04-25,2004,055 - Neil Broome.pdf,
056,Andrew Miller,Sarah Schulman,"October 4, 2004",2004-10-04,2005,056 - Andrew Miller.pdf,
057,Jose Fidelino,Sarah Schulman,"October 13, 2004",2004-10-13,2006,057 - Jose Fidelino.pdf,
058,Sandy Katz,Part I: Sarah Schulman Part II: Jim Hubbard,"October 15 & 16, 2004",,2006,058 - Sandy Katz.pdf,
059,MaxZine Weinstein,Sarah Schulman,"October 16, 2004",2004-10-16,2006,059 - MaxZine Weinstein.pdf,
060,Spree,Sarah Schulman,"October 16, 2004",2004-10-16,2005,060 - SPREE.pdf,
061,Nettles (Yaron Schweizer),Sarah Schulman,"October 17, 2004",2004-10-17,2006,061 - Nettles (Yaron Schweizer).pdf,
062,Stephen Shapiro,Sarah Schulman & Jim Hubbard,"October 23, 2004",2004-10-23,2007,062 - Stephen Shapiro.pdf,
063,Jim Lyons,Sarah Schulman,"February 26, 2005",2005-02-26,2007,063 - Jim Lyons.pdf,
064,Vincent Gagliostro,Sarah Schulman,"July 8, 2005",2005-07-08,2007,064 - Vincent Gagliostro.pdf,
065,Bill Dobbs,Sarah Schulman,"November 21, 2006",2006-11-21,2007,065 - Bill Dobbs.pdf,
066,Jim Fouratt,Sarah Schulman,"November 28, 2006",2006-11-28,2007,066 - Jim Fouratt.pdf,
067,Peter Staley,Sarah Schulman,"December 9, 2006",2006-12-09,2007,067 - Peter Staley.pdf,
068,George Carter,Sarah Schulman,"April 16, 2007",2007-04-16,2008,068 - George Carter.pdf,
069,Heidi Dorow,Sarah Schulman,"April 17, 2007",2007-04-17,2008,069 - Heidi Dorow.pdf,
070,Marion Banzhaf,Sarah Schulman,"April 18, 2007",2007-04-18,2007,070 - Marion Banzhaf.pdf,
071,Catherine Gund,Sarah Schulman,"April 20, 2007",2007-04-20,2008,071 - Catherine Gund.pdf,
072,Richard Elovich,Sarah Schulman,"May 14, 2007",2007-05-14,2008,072 - Richard Elovich.pdf,
073,David Barr,Sarah Schulman,"May 15, 2007",2007-05-15,2008,073 - David Barr.pdf,
074,Douglas Crimp,Sarah Schulman,"May 16, 2007",2007-05-16,2008,074 - Douglas Crimp.pdf,
075,Gerri Wells,Sarah Schulman,"May 24, 2007",2007-05-24,2008,075 - Gerri Wells.pdf,
076,Terry McGovern,Sarah Schulman,"May 25, 2007",2007-05-25,2008,076 - Terry McGovern.pdf,
077,Mark Milano,Sarah Schulman,"May 26, 2007",2007-05-26,2008,077 - Mark Milano.pdf,
078,Ken Bing,Sarah Schulman,"May 30, 2007",2007-05-30,2008,078 - Ken Bing.pdf,
079,Bob Huff,Sarah Schulman,"May 31, 2007",2007-05-31,2008,079 - Bob Huff.pdf,
080,Garance Franke-Ruta,Sarah Schulman,"June 6, 2007",2007-06-06,2008,080 - Garance Franke-Ruta.pdf,
081,Matt Ebert,Sarah Schulman,"July 13, 2007",2007-07-13,2008,081 - Matt Ebert.pdf,
082,David Robinson,Sarah Schulman,"July 16, 2007",2007-07-16,2008,082 - David Robinson.pdf,
083,Michael Perelman,Sarah Schulman,"July 18, 2007",2007-07-18,2008,083 - Michael Perelman.pdf,
084,Patricia Navarro,Sarah Schulman,"July 20, 2007",2007-07-20,2008,084 - Patricia Navarro.pdf,
085,BC Craig,Sarah Schulman,"June 23, 2008",2008-06-23,2010,085 - BC Craig.pdf,
086,Robyn Hutt,Sarah Schulman,"June 25, 2008",2008-06-25,2010,086 - Robyn Hutt.pdf,
087,Jill Harris,Sarah Schulman,"June 27, 2008",2008-06-27,2010,087 - Jill Harris.pdf,
088,Rebecca Cole,Sarah Schulman,"June 30, 2008",2008-06-30,2010,088 - Rebecca Cole.pdf,
099,Betty Williams,Sarah Schulman,"August 8, 2008",2008-08-08,,089 - Donald Grove.pdf,"Filename says 'Donald Grove' but the PDF's title page and running header both say 'Betty Williams', Interview Number 099 (same number as 099 - Betty Williams.pdf, a different file, 51 pages each). No Donald Grove interview appears to exist in this directory. interview_number and interviewee below are left as extracted (from the PDF, i.e. Betty Williams / 099) -- do not seed this file as interview 089 without resolving the source discrepancy first."
090,Herb Spiers,Sarah Schulman,"July 02, 2008",2008-07-02,2010,090 - Herb Spiers.pdf,
091,Lola Flash,Sarah Schulman,"July 08, 2008",2008-07-08,2010,091 - Lola Flash.pdf,
092,Sharon Tramutola,Sarah Schulman,"July 8, 2008",2008-07-08,2004,092 - Sharon Tramutola.pdf,
093,Risa Denenberg,Sarah Schulman,"July 11, 2008",2008-07-11,2010,093 - Risa Denenberg.pdf,
094,Karen Ramspacher,Sarah Schulman,"July 13, 2008",2008-07-13,2010,094 - Karen Ramspacher.pdf,
095,Sandra Elgear,Sarah Schulman,"July 22, 2008",2008-07-22,2010,095 - Sandra Elgear.pdf,
096,Deborah Gavito,Sarah Schulman,"July 24, 2008",2008-07-24,2015,096 - Debbie Gavito.pdf,
097,Victor Mendolia,Sarah Schulman,"August 15, 2008",2008-08-15,2010,097 - Victor Mendolia.pdf,
098,Loring McAlpin,Sarah Schulman,"August 18, 2008",2008-08-18,2010,098 - Loring McAlpin.pdf,
099,Betty Williams,Sarah Schulman,"August 23, 2008",2008-08-23,2010,099 - Betty Williams.pdf,
100,Gonzalo Aburto,Sarah Schulman,"August 26, 2008",2008-08-26,2010,100 - Gonzalo Aburto.pdf,
101,Adam Rolston,Sarah Schulman,"August 27, 2008",2008-08-27,2010,101 - Adam Rollston.pdf,
102,Brian Zabcik,Sarah Schulman,"September 8, 2008",2008-09-08,2010,102 - Brian Zabcik.pdf,
103,Jason Heffner,Sarah Schulman,"October 21, 2008",2008-10-21,2010,103 - Jason Heffner.pdf,
104,Jeffrey Fennelly,Sarah Schulman,"January 4, 2010",2010-01-04,2013,104 - Jeffrey Fennelly.pdf,
105,Charlie Franchino,Sarah Schulman,"January 11, 2010",2010-01-11,2013,105 - Charlie Franchino.pdf,
106,Zoe Leonard,Sarah Schulman,"January 13, 2010",2010-01-13,2013,106 - Zoe Leonard.pdf,
107,Charles King,Sarah Schulman,"January 20, 2010",2010-01-20,2013,107 - Charles King.pdf,
108,Avram Finkelstein,Sarah Schulman,"January 23, 2010",2010-01-23,2013,108 - Avram Finkelstein.pdf,
109,Anna Blume,Sarah Schulman,"January 25, 2010",2010-01-25,2011,109 - Anna Blume.pdf,
110,Chris Cochrane,Sarah Schulman,"January 27, 2010",2010-01-27,2013,110 - Chris Cochrane.pdf,
111,Daniel Wolfe,Sarah Schulman,"February 27, 2010",2010-02-27,2013,111 - Daniel Wolfe.pdf,
112,Bill Bahlman,Sarah Schulman,"March 10, 2010",2010-03-10,2013,112 - Bill Bahlman.pdf,
113,Dale Peck,Sarah Schulman,"March 17, 2010",2010-03-17,2013,113 - Dale Peck.pdf,
114,Susan C. Brown,Sarah Schulman,"March 24, 2010",2010-03-24,2013,114 - Susan Brown.pdf,
115,Timothy Lunceford,Sarah Schulman,"April 24, 2010",2010-04-24,2013,115 - Timothey Lunceford.pdf,
116,Brad Taylor,Sarah Schulman,"April 29, 2010",2010-04-29,2013,116 - Brad Taylor.pdf,
117,Alexis Danzig,Sarah Schulman,"May 1, 2010",2010-05-01,2013,117 - Alexis Danzig.pdf,
118,Steven Keith,Sarah Schulman,"June 22, 2010",2010-06-22,2013,118 - Steven Keith.pdf,
119,Mary Cotter,Sarah Schulman,"June 23, 2010",2010-06-23,2013,119 - Mary Cotter.pdf,
120,John Weir,Sarah Schulman,"June 24, 2010",2010-06-24,2013,120 - John Weir.pdf,
121,Donna Binder,Sarah Schulman,"June 25, 2010",2010-06-25,2013,121 - Donna Binder.pdf,
122,Kim Christenson,Sarah Schulman,"June 26, 2010",2010-06-26,2013,122 - Kim Christenson.pdf,
123,Elizabeth Meixell,Sarah Schulman,"September 30, 2010",2010-09-30,2013,123 - Elizabeth Meixell.pdf,
124,George Plagianos,Sarah Schulman,"October 7, 2010",2010-10-07,2013,124 - George Plagianos.pdf,
125,Steven Cordova,Sarah Schulman,"October 22, 2010",2010-10-22,2013,125 - Steven Cordoba.pdf,
126,Joe Ferrari,Sarah Schulman,"October 23, 2010",2010-10-23,2013,126 - Joe Ferrari.pdf,
127,Emily Gordon,Sarah Schulman,"November 5, 2010",2010-11-05,2013,127 - Emily Gordon.pdf,
128,Debra Levine,Sarah Schulman,"December 21, 2010",2010-12-21,2013,128 - Debra Levine.pdf,
129,Monica Pearl,Sarah Schulman,"April 1, 2011",2011-04-01,2013,129 - Monica Pearl.pdf,
130,John Voelcker,Sarah Schulman,"May 30, 2012",2012-05-30,2013,130 - John Voelcker.pdf,
131,Jon Winkleman,Sarah Schulman,"May 31, 2012",2012-05-31,2013,131 - Jon Winkleman.pdf,
132,Scott Wald,Sarah Schulman,"June 1, 2012",2012-06-01,2013,132 - Scott Wald.pdf,
133,Hunter Reynolds,Sarah Schulman,"June 2, 2012",2012-06-02,2014,133 - Hunter Reynolds.pdf,
134,Blair Fell,Sarah Schulman,"June 3, 2012",2012-06-03,2014,134 - Blair Fell.pdf,
135,Charles Hovland,Sarah Schulman,"June 5, 2012",2012-06-05,2014,135 - Charles Hovland.pdf,
136,Dean Lance,Sarah Schulman,"June 7, 2012",2012-06-07,2014,136 - Dean Lance.pdf,
137,Lee Raines,Sarah Schulman,"June 8, 2012",2012-06-08,2013,137 - Lee Raines.pdf,
138,Joan Gibbs,Sarah Schulman,"July 21, 2012",2012-07-21,2014,138 - Joan Gibbs.pdf,
139,Stephen Spinella,Sarah Schulman,"July 18, 2012",2012-07-18,2014,139 - Stephen Spinella.pdf,
140,Jeff Griglak,Sarah Schulman,"July 19, 2012",2012-07-19,2014,140 - Jeff Griglak.pdf,
141,Illith Rosenblum,Sarah Schulman,"July 20, 2012",2012-07-20,2014,141 - Illith Rosenblum.pdf,
142,Kevin Robert Frost,Sarah Schulman,"August 23, 2012",2012-08-23,2014,142 - Kevin Robert Frost.pdf,
143,Ira Sachs,Sarah Schulman,"August 24th, 2012",2012-08-24,2014,143 - Ira Sachs.pdf,
144,Eugene Fedorko,Sarah Schulman,"August 25, 2012",2012-08-25,2014,144 - Eugene Fedorko.pdf,
145,David Corkery,Sarah Schulman,"September 4, 2012",2012-09-04,2014,145 - David Corkery.pdf,
146,Esther Kaplan,Sarah Schulman,"September 9, 2012",2012-09-09,2014,146 - Esther Kaplan.pdf,
147,Richard Burns,Sarah Schulman,"September 11, 2012",2012-09-11,2014,147 - Richard Burns.pdf,
148,Tony Arena & Ron Grunewald,Sarah Schulman,"September 22, 2012",2012-09-22,2014,148 - Tony Arena & Ron Grunewald.pdf,
149,Tracy Morgan,Sarah Schulman,"October 12, 2012",2012-10-12,2014,149 - Tracy Morgan.pdf,
150,Brent Nicholson Earle and Nathaniel Siegel,Sarah Schulman,"December 11, 2012",2012-12-11,2014,150 - Brent Nicholson Earle & Nathaniel Siegel.pdf,
151,John Riley,Sarah Schulman,"January 2, 2013",2013-01-02,2014,151 - John Riley.pdf,
152,Ira Manhoff,Sarah Schulman,"January 4, 2013",2013-01-04,2014,152 - Ira Manhoff.pdf,
153,Andrea Benzacar,Sarah Schulman,"January 5, 2013",2013-01-05,2014,153 - Andrea Benzacar.pdf,
154,Polly Thistlethwaite,Sarah Schulman,"January 6, 2013",2013-01-06,2014,154 - Polly Thistlethwaite.pdf,
155,Linda Meredith,Sarah Schulman,"March 10, 2013",2013-03-10,2014,155 - Linda Meredith.pdf,
156,Scott Robbe,Sarah Schulman,"December 5, 2013",2013-12-05,2014,156 - Scott Robbe.pdf,
157,Jason Simon,Sarah Schulman,"December 8, 2013",2013-12-08,2014,157 - Jason Simon.pdf,
158,David Gerstner,Sarah Schulman,"December 19, 2013",2013-12-19,2014,158 - David Gerstner.pdf,
159,Cynthia Chris,Sarah Schulman,"January 3, 2014",2014-01-03,2014,159 - Cynthia Chris.pdf,
160,Charles Stimson,Sarah Schulman,"January 5, 2014",2014-01-05,2014,160 - Charles Stimson.pdf,
161,Blane Charles,Sarah Schulman,"January 7, 2014",2014-01-07,2014,161 - Blane Charles.pdf,
162,Nanette Kazaoka,Sarah Schulman,"January 15, 2014",2014-01-15,2014,162 - Nanette Kazaoka.pdf,
163,Lori Cohen,Sarah Schulman,"January 23, 2014",2014-01-23,2014,163 - Lori Cohen.pdf,
164,Eric Rhein,Sarah Schulman,"January 25, 2014",2014-01-25,2014,164 - Eric Rhein.pdf,
165,Garry Kleinman,Sarah Schulman,"March 3, 2014",2014-03-03,2014,165 - Garry Kleinman.pdf,
166,César Carrasco,Sarah Schulman,"March 9, 2014",2014-03-09,2014,166 - Cesar Carrasco.pdf,
167,Drew Hopkins,Sarah Schulman,"March 11, 2014",2014-03-11,2014,167 - Drew Hopkins.pdf,
168,Sam Avrett,Sarah Schulman,"March 12, 2014",2014-03-12,2014,168 - Sam Avrett.pdf,
169,Mark Aurigemma,Sarah Schulman,"September 11, 2014",2014-09-11,2015,169 - Mark Aurigemma.pdf,
170,Rebecca Smith,Sarah Schulman,"September 18, 2014",2014-09-18,2015,170 - Rebecca Smith.pdf,
171,Sean Strub,Sarah Schulman,"September 30, 2014",2014-09-30,2015,171 - Sean Strub.pdf,
172,Richard Jackman,Sarah Schulman,"October 15, 2014",2014-10-15,2015,172 - Richard Jackman.pdf,
173,Rollerena,Sarah Schulman,"February 8, 2015",2015-02-08,2015,173 - Rollerena.pdf,
174,Paul O’Dwyer,Sarah Schulman,"February 9, 2015",2015-02-09,2015,174 - Paul O'Dwyer.pdf,
175,Margaret McCarthy,Sarah Schulman,"February 19, 2015",2015-02-19,2015,175 - Margaret McCarthy.pdf,
176,Tom Keane,Sarah Schulman,"February 24, 2015",2015-02-24,2015,176 - Thomas Keane.pdf,
177,Christine Vachon,Sarah Schulman,"February 26, 2015",2015-02-26,2015,177 - Christine Vachon.pdf,
178,Allan Clear,Sarah Schulman,"March 1, 2015",2015-03-01,2015,178 - Allan Clear.pdf,
179,Aner Candelario,Sarah Schulman,"March 31, 2015",2015-03-31,2015,179 - Aner Candelario.pdf,
180,Gabriel Rotello,Sarah Schulman,"April 6, 2015",2015-04-06,2015,180 - Gabriel Rotello.pdf,
181,Dolly Meieran,Sarah Schulman,"April 21, 2015",2015-04-21,2015,181- Dolly Meieran.pdf,
182,Chip Duckett,Sarah Schulman,"April 26, 2015",2015-04-26,2015,182 - Chip Duckett.pdf,
183,Benjamin Heim Shepard,Sarah Schulman,"April 23, 2015",2015-04-23,2015,183 - Benjamin Heim Shepard.pdf,
184,Samuel Lurie,Sarah Schulman,"May 3, 2015",2015-05-03,2015,184 - Samuel Lurie.pdf,
185,Duncan Osborne,Sarah Schulman,"May 5, 2015",2015-05-05,2015,185 - Duncan Osborne.pdf,
186,Alan Klein,Sarah Schulman,"May 7, 2015",2015-05-07,2015,186 - Alan Klein.pdf,
187,Joseph Sonnabend,Sarah Schulman,"November 12, 2015",2015-11-12,2016,187 - Joe Sonnabend.pdf,
188,Kathy Ottersten,Sarah Schulman,"December 28, 2017",2017-12-28,2018,188 - Kathy Ottersten.pdf,
